0.0 , 9584 , P
0.033 , 8069 , P
0.066 , 5493 , P
0.099 , 1731 , P
0.132 , 1867 , P
0.165 , 1743 , P
0.198 , 1909 , P
0.231 , 2016 , P
0.264 , 2187 , P
0.29700000000000004 , 2618 , P
0.33000000000000007 , 2213 , P
0.3630000000000001 , 2088 , P
0.39600000000000013 , 1821 , P
0.42900000000000016 , 2216 , P
0.4620000000000002 , 2234 , P
0.4950000000000002 , 1493 , P
0.5280000000000002 , 1806 , P
0.5610000000000003 , 1576 , P
0.5940000000000003 , 1843 , P
0.6270000000000003 , 2201 , P
0.6600000000000004 , 3096 , P
0.6930000000000004 , 3590 , P
0.7260000000000004 , 2101 , P
0.7590000000000005 , 1879 , P
0.7920000000000005 , 1812 , P
0.8250000000000005 , 1857 , P
0.8580000000000005 , 2202 , P
0.8910000000000006 , 2635 , P
0.9240000000000006 , 2969 , P
0.9570000000000006 , 3056 , P
0.9900000000000007 , 1376 , P
1.0230000000000006 , 1260 , P
1.0560000000000005 , 1525 , P
1.0890000000000004 , 1863 , P
1.1220000000000003 , 2768 , P
1.1550000000000002 , 2792 , P
1.1880000000000002 , 2131 , P
1.221 , 2972 , P
1.254 , 2015 , P
1.287 , 1910 , P
1.3199999999999998 , 2683 , P
1.3529999999999998 , 2622 , P
1.3859999999999997 , 2421 , P
1.4189999999999996 , 2880 , P
1.4519999999999995 , 2567 , P
1.4849999999999994 , 1579 , P
1.5179999999999993 , 1733 , P
1.5509999999999993 , 1583 , P
1.5839999999999992 , 1632 , P
1.616999999999999 , 2641 , P
1.649999999999999 , 2610 , P
1.682999999999999 , 2478 , P
1.7159999999999989 , 2243 , P
1.7489999999999988 , 1872 , P
1.7819999999999987 , 1994 , P
1.8149999999999986 , 2070 , P
1.8479999999999985 , 2333 , P
1.8809999999999985 , 2175 , P
1.9139999999999984 , 1490 , P
1.9469999999999983 , 10886 , I
1.9799999999999982 , 2640 , P
2.012999999999998 , 3430 , P
2.045999999999998 , 2001 , P
2.078999999999998 , 2434 , P
2.111999999999998 , 4112 , P
2.144999999999998 , 1559 , P
2.1779999999999977 , 1673 , P
2.2109999999999976 , 3440 , P
2.2439999999999976 , 4093 , P
2.2769999999999975 , 5392 , P
2.3099999999999974 , 2177 , P
2.3429999999999973 , 3391 , P
2.3759999999999972 , 2377 , P
2.408999999999997 , 2416 , P
2.441999999999997 , 1854 , P
2.474999999999997 , 2408 , P
2.507999999999997 , 1171 , P
2.540999999999997 , 2569 , P
2.5739999999999967 , 2860 , P
2.6069999999999967 , 2277 , P
2.6399999999999966 , 1851 , P
2.6729999999999965 , 2379 , P
2.7059999999999964 , 1123 , P
2.7389999999999963 , 1016 , P
2.7719999999999962 , 3095 , P
2.804999999999996 , 2604 , P
2.837999999999996 , 2660 , P
2.870999999999996 , 3084 , P
2.903999999999996 , 1252 , P
2.936999999999996 , 1228 , P
2.9699999999999958 , 1101 , P
3.0029999999999957 , 4917 , P
3.0359999999999956 , 944 , P
3.0689999999999955 , 1699 , P
3.1019999999999954 , 1648 , P
3.1349999999999953 , 2373 , P
3.1679999999999953 , 5303 , P
3.200999999999995 , 2752 , P
3.233999999999995 , 2659 , P
3.266999999999995 , 3281 , P
3.299999999999995 , 4002 , P
3.332999999999995 , 2842 , P
3.3659999999999948 , 2725 , P
3.3989999999999947 , 2618 , P
3.4319999999999946 , 2090 , P
3.4649999999999945 , 3260 , P
3.4979999999999944 , 2043 , P
3.5309999999999944 , 2997 , P
3.5639999999999943 , 2761 , P
3.596999999999994 , 2612 , P
3.629999999999994 , 2728 , P
3.662999999999994 , 2886 , P
3.695999999999994 , 1768 , P
3.728999999999994 , 1841 , P
3.761999999999994 , 1794 , P
3.7949999999999937 , 3087 , P
3.8279999999999936 , 2981 , P
3.8609999999999935 , 1565 , P
3.8939999999999935 , 1815 , P
3.9269999999999934 , 8484 , I
3.9599999999999933 , 721 , P
3.992999999999993 , 1925 , P
4.025999999999994 , 2288 , P
4.058999999999994 , 3505 , P
4.091999999999994 , 7531 , P
4.124999999999995 , 1397 , P
4.157999999999995 , 1077 , P
4.190999999999995 , 850 , P
4.223999999999996 , 588 , P
4.256999999999996 , 1359 , P
4.2899999999999965 , 6644 , P
4.322999999999997 , 1552 , P
4.355999999999997 , 1928 , P
4.388999999999998 , 1130 , P
4.421999999999998 , 1158 , P
4.454999999999998 , 2858 , P
4.487999999999999 , 7676 , P
4.520999999999999 , 1512 , P
4.553999999999999 , 1420 , P
4.587 , 1052 , P
4.62 , 898 , P
4.6530000000000005 , 1838 , P
4.686000000000001 , 4182 , P
4.719000000000001 , 3504 , P
4.752000000000002 , 2274 , P
4.785000000000002 , 1123 , P
4.818000000000002 , 1393 , P
4.851000000000003 , 2348 , P
4.884000000000003 , 3995 , P
4.917000000000003 , 3622 , P
4.950000000000004 , 2476 , P
4.983000000000004 , 2623 , P
5.0160000000000045 , 2169 , P
5.049000000000005 , 2082 , P
5.082000000000005 , 1661 , P
5.1150000000000055 , 2564 , P
5.148000000000006 , 3168 , P
5.181000000000006 , 2621 , P
5.214000000000007 , 2178 , P
5.247000000000007 , 2072 , P
5.280000000000007 , 1613 , P
5.313000000000008 , 3473 , P
5.346000000000008 , 2754 , P
5.379000000000008 , 2477 , P
5.412000000000009 , 2185 , P
5.445000000000009 , 2801 , P
5.4780000000000095 , 2630 , P
5.51100000000001 , 2426 , P
5.54400000000001 , 3153 , P
5.577000000000011 , 3293 , P
5.610000000000011 , 2101 , P
5.643000000000011 , 2445 , P
5.676000000000012 , 3467 , P
5.709000000000012 , 2256 , P
5.742000000000012 , 1950 , P
5.775000000000013 , 1892 , P
5.808000000000013 , 1677 , P
5.8410000000000135 , 2227 , P
5.874000000000014 , 4747 , P
5.907000000000014 , 17126 , I
5.940000000000015 , 1315 , P
5.973000000000015 , 962 , P
6.006000000000015 , 1022 , P
6.039000000000016 , 3264 , P
6.072000000000016 , 3817 , P
6.105000000000016 , 2869 , P
6.138000000000017 , 2596 , P
6.171000000000017 , 1646 , P
6.2040000000000175 , 1996 , P
6.237000000000018 , 2308 , P
6.270000000000018 , 2790 , P
6.303000000000019 , 2038 , P
6.336000000000019 , 3049 , P
6.369000000000019 , 10029 , P
6.40200000000002 , 2885 , P
6.43500000000002 , 2860 , P
6.46800000000002 , 1161 , P
6.501000000000021 , 1666 , P
6.534000000000021 , 2042 , P
6.5670000000000215 , 1727 , P
6.600000000000022 , 2246 , P
6.633000000000022 , 2354 , P
6.666000000000023 , 1155 , P
6.699000000000023 , 941 , P
6.732000000000023 , 2473 , P
6.765000000000024 , 2118 , P
6.798000000000024 , 2717 , P
6.831000000000024 , 2546 , P
6.864000000000025 , 1936 , P
6.897000000000025 , 2052 , P
6.9300000000000255 , 1766 , P
6.963000000000026 , 3059 , P
6.996000000000026 , 1088 , P
7.029000000000027 , 979 , P
7.062000000000027 , 797 , P
7.095000000000027 , 1580 , P
7.128000000000028 , 7757 , P
7.161000000000028 , 1908 , P
7.194000000000028 , 2415 , P
7.227000000000029 , 2424 , P
7.260000000000029 , 3479 , P
7.2930000000000295 , 3424 , P
7.32600000000003 , 3187 , P
7.35900000000003 , 1933 , P
7.3920000000000305 , 2621 , P
7.425000000000031 , 4374 , P
7.458000000000031 , 1272 , P
7.491000000000032 , 2924 , P
7.524000000000032 , 2560 , P
7.557000000000032 , 2280 , P
7.590000000000033 , 3241 , P
7.623000000000033 , 2708 , P
7.6560000000000334 , 788 , P
7.689000000000034 , 1423 , P
7.722000000000034 , 2437 , P
7.7550000000000345 , 2314 , P
7.788000000000035 , 2569 , P
7.821000000000035 , 2218 , P
7.854000000000036 , 1082 , P
7.887000000000036 , 5168 , I
7.920000000000036 , 1117 , P
7.953000000000037 , 1478 , P
7.986000000000037 , 2982 , P
8.019000000000037 , 2297 , P
8.052000000000037 , 1870 , P
8.085000000000036 , 2755 , P
8.118000000000036 , 5127 , P
8.151000000000035 , 1190 , P
8.184000000000035 , 1725 , P
8.217000000000034 , 2255 , P
8.250000000000034 , 3598 , P
8.283000000000033 , 1651 , P
8.316000000000033 , 1382 , P
8.349000000000032 , 1304 , P
8.382000000000032 , 7599 , P
8.415000000000031 , 2875 , P
8.44800000000003 , 1368 , P
8.48100000000003 , 1708 , P
8.51400000000003 , 5372 , P
8.547000000000029 , 2657 , P
8.580000000000028 , 5170 , P
8.613000000000028 , 3765 , P
8.646000000000027 , 725 , P
8.679000000000027 , 1379 , P
8.712000000000026 , 2894 , P
8.745000000000026 , 2078 , P
8.778000000000025 , 2184 , P
8.811000000000025 , 2097 , P
8.844000000000024 , 1062 , P
8.877000000000024 , 1754 , P
8.910000000000023 , 2617 , P
8.943000000000023 , 2446 , P
8.976000000000022 , 2800 , P
9.009000000000022 , 2183 , P
9.042000000000021 , 1747 , P
9.07500000000002 , 1424 , P
9.10800000000002 , 3103 , P
9.14100000000002 , 3029 , P
9.174000000000019 , 2916 , P
9.207000000000019 , 2295 , P
9.240000000000018 , 1528 , P
9.273000000000017 , 1688 , P
9.306000000000017 , 3267 , P
9.339000000000016 , 4153 , P
9.372000000000016 , 3175 , P
9.405000000000015 , 1417 , P
9.438000000000015 , 2184 , P
9.471000000000014 , 1558 , P
9.504000000000014 , 2161 , P
9.537000000000013 , 3747 , P
9.570000000000013 , 4180 , P
9.603000000000012 , 1220 , P
9.636000000000012 , 1645 , P
9.669000000000011 , 1582 , P
9.70200000000001 , 4262 , P
9.73500000000001 , 4250 , P
9.76800000000001 , 3235 , P
9.801000000000009 , 1334 , P
9.834000000000009 , 1864 , P
9.867000000000008 , 15992 , I
9.900000000000007 , 1387 , P
9.933000000000007 , 2051 , P
9.966000000000006 , 3919 , P
9.999000000000006 , 3324 , P
10.032000000000005 , 16038 , P
10.065000000000005 , 9118 , P
10.098000000000004 , 624 , P
10.131000000000004 , 382 , P
10.164000000000003 , 312 , P
10.197000000000003 , 308 , P
10.230000000000002 , 726 , P
10.263000000000002 , 709 , P
10.296000000000001 , 771 , P
10.329 , 919 , P
10.362 , 2824 , P
10.395 , 2570 , P
10.427999999999999 , 2001 , P
10.460999999999999 , 1659 , P
10.493999999999998 , 2303 , P
10.526999999999997 , 1109 , P
10.559999999999997 , 1848 , P
10.592999999999996 , 3003 , P
10.625999999999996 , 3677 , P
10.658999999999995 , 1847 , P
10.691999999999995 , 1133 , P
10.724999999999994 , 1301 , P
10.757999999999994 , 2154 , P
10.790999999999993 , 2708 , P
10.823999999999993 , 3316 , P
10.856999999999992 , 2320 , P
10.889999999999992 , 2517 , P
10.922999999999991 , 1090 , P
10.95599999999999 , 965 , P
10.98899999999999 , 1920 , P
11.02199999999999 , 3837 , P
11.054999999999989 , 3946 , P
11.087999999999989 , 1872 , P
11.120999999999988 , 1155 , P
11.153999999999987 , 1196 , P
11.186999999999987 , 1125 , P
11.219999999999986 , 3255 , P
11.252999999999986 , 3718 , P
11.285999999999985 , 4087 , P
11.318999999999985 , 1767 , P
11.351999999999984 , 1340 , P
11.384999999999984 , 955 , P
11.417999999999983 , 1530 , P
11.450999999999983 , 3712 , P
11.483999999999982 , 3237 , P
11.516999999999982 , 2298 , P
11.549999999999981 , 2152 , P
11.58299999999998 , 1334 , P
11.61599999999998 , 902 , P
11.64899999999998 , 2071 , P
11.681999999999979 , 4257 , P
11.714999999999979 , 2502 , P
11.747999999999978 , 2799 , P
11.780999999999977 , 1630 , P
11.813999999999977 , 1328 , P
11.846999999999976 , 13943 , I
11.879999999999976 , 2075 , P
11.912999999999975 , 2388 , P
11.945999999999975 , 4372 , P
11.978999999999974 , 1658 , P
12.011999999999974 , 1527 , P
12.044999999999973 , 2110 , P
12.077999999999973 , 1824 , P
12.110999999999972 , 2313 , P
12.143999999999972 , 4213 , P
12.176999999999971 , 2748 , P
12.20999999999997 , 1512 , P
12.24299999999997 , 1367 , P
12.27599999999997 , 1925 , P
12.308999999999969 , 2034 , P
12.341999999999969 , 3506 , P
12.374999999999968 , 3512 , P
12.407999999999967 , 1588 , P
12.440999999999967 , 1795 , P
12.473999999999966 , 2358 , P
12.506999999999966 , 1720 , P
12.539999999999965 , 10800 , P
12.572999999999965 , 10962 , P
12.605999999999964 , 1090 , P
12.638999999999964 , 484 , P
12.671999999999963 , 385 , P
12.704999999999963 , 346 , P
12.737999999999962 , 488 , P
12.770999999999962 , 559 , P
12.803999999999961 , 990 , P
12.83699999999996 , 1235 , P
12.86999999999996 , 2247 , P
12.90299999999996 , 3074 , P
12.935999999999959 , 3302 , P
12.968999999999959 , 2176 , P
13.001999999999958 , 1534 , P
13.034999999999958 , 1585 , P
13.067999999999957 , 1680 , P
13.100999999999956 , 2290 , P
13.133999999999956 , 3986 , P
13.166999999999955 , 3105 , P
13.199999999999955 , 927 , P
13.232999999999954 , 1287 , P
13.265999999999954 , 1850 , P
13.298999999999953 , 3223 , P
13.331999999999953 , 4035 , P
13.364999999999952 , 3436 , P
13.397999999999952 , 1777 , P
13.430999999999951 , 1449 , P
13.46399999999995 , 1654 , P
13.49699999999995 , 1465 , P
13.52999999999995 , 4887 , P
13.562999999999949 , 3668 , P
13.595999999999949 , 1130 , P
13.628999999999948 , 1135 , P
13.661999999999948 , 1083 , P
13.694999999999947 , 1386 , P
13.727999999999946 , 4356 , P
13.760999999999946 , 4283 , P
13.793999999999945 , 2489 , P
13.826999999999945 , 16755 , I
13.859999999999944 , 887 , P
13.892999999999944 , 763 , P
13.925999999999943 , 1617 , P
13.958999999999943 , 3029 , P
13.991999999999942 , 3255 , P
14.024999999999942 , 2856 , P
14.057999999999941 , 2105 , P
14.09099999999994 , 1094 , P
14.12399999999994 , 2031 , P
14.15699999999994 , 1714 , P
14.189999999999939 , 2589 , P
14.222999999999939 , 2999 , P
14.255999999999938 , 2556 , P
14.288999999999938 , 2076 , P
14.321999999999937 , 2169 , P
14.354999999999936 , 1672 , P
14.387999999999936 , 1565 , P
14.420999999999935 , 2733 , P
14.453999999999935 , 2488 , P
14.486999999999934 , 1764 , P
14.519999999999934 , 2004 , P
14.552999999999933 , 1950 , P
14.585999999999933 , 1855 , P
14.618999999999932 , 3400 , P
14.651999999999932 , 3563 , P
14.684999999999931 , 2255 , P
14.71799999999993 , 1913 , P
14.75099999999993 , 1166 , P
14.78399999999993 , 1819 , P
14.81699999999993 , 2801 , P
14.849999999999929 , 3840 , P
14.882999999999928 , 2555 , P
14.915999999999928 , 1900 , P
14.948999999999927 , 1265 , P
14.981999999999926 , 4489 , P
15.014999999999926 , 14025 , P
15.047999999999925 , 4255 , P
15.080999999999925 , 463 , P
15.113999999999924 , 428 , P
15.146999999999924 , 350 , P
15.179999999999923 , 579 , P
15.212999999999923 , 798 , P
15.245999999999922 , 850 , P
15.278999999999922 , 933 , P
15.311999999999921 , 1712 , P
15.34499999999992 , 2473 , P
15.37799999999992 , 3639 , P
15.41099999999992 , 2296 , P
15.44399999999992 , 2264 , P
15.476999999999919 , 2103 , P
15.509999999999918 , 2325 , P
15.542999999999918 , 2176 , P
15.575999999999917 , 1307 , P
15.608999999999916 , 2292 , P
15.641999999999916 , 5081 , P
15.674999999999915 , 1351 , P
15.707999999999915 , 1824 , P
15.740999999999914 , 1112 , P
15.773999999999914 , 1723 , P
15.806999999999913 , 13604 , I
15.839999999999913 , 3100 , P
15.872999999999912 , 2227 , P
15.905999999999912 , 2681 , P
15.938999999999911 , 2519 , P
15.97199999999991 , 2285 , P
16.00499999999991 , 2832 , P
16.03799999999991 , 2685 , P
16.070999999999913 , 1874 , P
16.103999999999914 , 2293 , P
16.136999999999915 , 2372 , P
16.169999999999916 , 2074 , P
16.202999999999918 , 2266 , P
16.23599999999992 , 2339 , P
16.26899999999992 , 1966 , P
16.30199999999992 , 2582 , P
16.334999999999923 , 2415 , P
16.367999999999924 , 2537 , P
16.400999999999925 , 2692 , P
16.433999999999926 , 2927 , P
16.466999999999928 , 2466 , P
16.49999999999993 , 2216 , P
16.53299999999993 , 2199 , P
16.56599999999993 , 1117 , P
16.598999999999933 , 3342 , P
16.631999999999934 , 2979 , P
16.664999999999935 , 2646 , P
16.697999999999936 , 3113 , P
16.730999999999938 , 1692 , P
16.76399999999994 , 2059 , P
16.79699999999994 , 2121 , P
16.82999999999994 , 2261 , P
16.862999999999943 , 2485 , P
16.895999999999944 , 2706 , P
16.928999999999945 , 2731 , P
16.961999999999946 , 2573 , P
16.994999999999948 , 2407 , P
17.02799999999995 , 2594 , P
17.06099999999995 , 2581 , P
17.09399999999995 , 2807 , P
17.126999999999953 , 2504 , P
17.159999999999954 , 2793 , P
17.192999999999955 , 2964 , P
17.225999999999956 , 2141 , P
17.258999999999958 , 10151 , P
17.29199999999996 , 7089 , P
17.32499999999996 , 458 , P
17.35799999999996 , 396 , P
17.390999999999963 , 435 , P
17.423999999999964 , 511 , P
17.456999999999965 , 507 , P
17.489999999999966 , 1341 , P
17.522999999999968 , 1169 , P
17.55599999999997 , 1458 , P
17.58899999999997 , 2049 , P
17.62199999999997 , 2660 , P
17.654999999999973 , 3243 , P
17.687999999999974 , 3350 , P
17.720999999999975 , 1881 , P
17.753999999999976 , 1622 , P
17.786999999999978 , 10192 , I
17.81999999999998 , 1344 , P
17.85299999999998 , 1804 , P
17.88599999999998 , 2649 , P
17.918999999999983 , 3331 , P
17.951999999999984 , 2601 , P
17.984999999999985 , 2360 , P
18.017999999999986 , 2691 , P
18.050999999999988 , 8954 , P
18.08399999999999 , 7618 , P
18.11699999999999 , 923 , P
18.14999999999999 , 689 , P
18.182999999999993 , 642 , P
18.215999999999994 , 649 , P
18.248999999999995 , 1004 , P
18.281999999999996 , 1262 , P
18.314999999999998 , 1255 , P
18.348 , 2034 , P
18.381 , 3074 , P
18.414 , 5412 , P
18.447000000000003 , 1458 , P
18.480000000000004 , 1267 , P
18.513000000000005 , 906 , P
18.546000000000006 , 4214 , P
18.579000000000008 , 1801 , P
18.61200000000001 , 1918 , P
18.64500000000001 , 1319 , P
18.67800000000001 , 1510 , P
18.711000000000013 , 2382 , P
18.744000000000014 , 2582 , P
18.777000000000015 , 3494 , P
18.810000000000016 , 2571 , P
18.843000000000018 , 1721 , P
18.87600000000002 , 1953 , P
18.90900000000002 , 1968 , P
18.94200000000002 , 3112 , P
18.975000000000023 , 2314 , P
19.008000000000024 , 2515 , P
19.041000000000025 , 2182 , P
19.074000000000026 , 3208 , P
19.107000000000028 , 2958 , P
19.14000000000003 , 2219 , P
19.17300000000003 , 2116 , P
19.20600000000003 , 2032 , P
19.239000000000033 , 2765 , P
19.272000000000034 , 2552 , P
19.305000000000035 , 2360 , P
19.338000000000036 , 2307 , P
19.371000000000038 , 2193 , P
19.40400000000004 , 2768 , P
19.43700000000004 , 1909 , P
19.47000000000004 , 2097 , P
19.503000000000043 , 1825 , P
19.536000000000044 , 1240 , P
19.569000000000045 , 2914 , P
19.602000000000046 , 4112 , P
19.635000000000048 , 2917 , P
19.66800000000005 , 1947 , P
19.70100000000005 , 1408 , P
19.73400000000005 , 2081 , P
19.767000000000053 , 13067 , I
19.800000000000054 , 3414 , P
19.833000000000055 , 2787 , P
19.866000000000057 , 1949 , P
19.899000000000058 , 1549 , P
19.93200000000006 , 1737 , P
19.96500000000006 , 3199 , P
19.99800000000006 , 2099 , P
20.031000000000063 , 1896 , P
20.064000000000064 , 1956 , P
20.097000000000065 , 2185 , P
20.130000000000067 , 3735 , P
20.163000000000068 , 2542 , P
20.19600000000007 , 2584 , P
20.22900000000007 , 1540 , P
20.26200000000007 , 2795 , P
20.295000000000073 , 2566 , P
20.328000000000074 , 1875 , P
20.361000000000075 , 2010 , P
20.394000000000077 , 2034 , P
20.427000000000078 , 3099 , P
20.46000000000008 , 2961 , P
20.49300000000008 , 2209 , P
20.52600000000008 , 1644 , P
20.559000000000083 , 2553 , P
20.592000000000084 , 2781 , P
20.625000000000085 , 3398 , P
20.658000000000087 , 3147 , P
20.691000000000088 , 1696 , P
20.72400000000009 , 1588 , P
20.75700000000009 , 1929 , P
20.79000000000009 , 2292 , P
20.823000000000093 , 1894 , P
20.856000000000094 , 2449 , P
20.889000000000095 , 2031 , P
20.922000000000097 , 2525 , P
20.955000000000098 , 2522 , P
20.9880000000001 , 1786 , P
21.0210000000001 , 2249 , P
21.0540000000001 , 11537 , P
21.087000000000103 , 5169 , P
21.120000000000104 , 582 , P
21.153000000000105 , 517 , P
21.186000000000107 , 331 , P
21.219000000000108 , 446 , P
21.25200000000011 , 601 , P
21.28500000000011 , 622 , P
21.31800000000011 , 1099 , P
21.351000000000113 , 1703 , P
21.384000000000114 , 2452 , P
21.417000000000115 , 3443 , P
21.450000000000117 , 2289 , P
21.483000000000118 , 1417 , P
21.51600000000012 , 1374 , P
21.54900000000012 , 1776 , P
21.58200000000012 , 2577 , P
21.615000000000123 , 3697 , P
21.648000000000124 , 3644 , P
21.681000000000125 , 1467 , P
21.714000000000127 , 1503 , P
21.747000000000128 , 13071 , I
21.78000000000013 , 1565 , P
21.81300000000013 , 2238 , P
21.84600000000013 , 3489 , P
21.879000000000133 , 2595 , P
21.912000000000134 , 13033 , P
21.945000000000135 , 12242 , P
21.978000000000137 , 670 , P
22.011000000000138 , 358 , P
22.04400000000014 , 277 , P
22.07700000000014 , 288 , P
22.11000000000014 , 418 , P
22.143000000000143 , 423 , P
22.176000000000144 , 558 , P
22.209000000000145 , 643 , P
22.242000000000147 , 763 , P
22.275000000000148 , 1371 , P
22.30800000000015 , 2750 , P
22.34100000000015 , 4243 , P
22.37400000000015 , 2231 , P
22.407000000000153 , 2232 , P
22.440000000000154 , 1287 , P
22.473000000000155 , 673 , P
22.506000000000157 , 1330 , P
22.539000000000158 , 4349 , P
22.57200000000016 , 4477 , P
22.60500000000016 , 2346 , P
22.63800000000016 , 1509 , P
22.671000000000163 , 1159 , P
22.704000000000164 , 1512 , P
22.737000000000165 , 2289 , P
22.770000000000167 , 3717 , P
22.803000000000168 , 3301 , P
22.83600000000017 , 1696 , P
22.86900000000017 , 1193 , P
22.90200000000017 , 1707 , P
22.935000000000173 , 2755 , P
22.968000000000174 , 3932 , P
23.001000000000175 , 2749 , P
23.034000000000177 , 2006 , P
23.067000000000178 , 1285 , P
23.10000000000018 , 1921 , P
23.13300000000018 , 2870 , P
23.16600000000018 , 4157 , P
23.199000000000183 , 3333 , P
23.232000000000184 , 1607 , P
23.265000000000185 , 1252 , P
23.298000000000187 , 1765 , P
23.331000000000188 , 2450 , P
23.36400000000019 , 5869 , P
23.39700000000019 , 1524 , P
23.43000000000019 , 1338 , P
23.463000000000193 , 736 , P
23.496000000000194 , 908 , P
23.529000000000195 , 2157 , P
23.562000000000197 , 4741 , P
23.595000000000198 , 3799 , P
23.6280000000002 , 2068 , P
23.6610000000002 , 1237 , P
23.6940000000002 , 1269 , P
23.727000000000203 , 15334 , I
23.760000000000204 , 1583 , P
23.793000000000205 , 3170 , P
23.826000000000207 , 2897 , P
23.859000000000208 , 2467 , P
23.89200000000021 , 1408 , P
23.92500000000021 , 1416 , P
23.95800000000021 , 1483 , P
23.991000000000213 , 3220 , P
24.024000000000214 , 3401 , P
24.057000000000215 , 2953 , P
24.090000000000217 , 1885 , P
24.123000000000218 , 1296 , P
24.15600000000022 , 1324 , P
24.18900000000022 , 2568 , P
24.22200000000022 , 3376 , P
24.255000000000223 , 16209 , P
24.288000000000224 , 12429 , P
24.321000000000225 , 1422 , P
24.354000000000227 , 919 , P
24.387000000000228 , 378 , P
24.42000000000023 , 383 , P
24.45300000000023 , 371 , P
24.48600000000023 , 544 , P
24.519000000000233 , 933 , P
24.552000000000234 , 1750 , P
24.585000000000235 , 1745 , P
24.618000000000237 , 2573 , P
24.651000000000238 , 2271 , P
24.68400000000024 , 2754 , P
24.71700000000024 , 3021 , P
24.75000000000024 , 1819 , P
24.783000000000243 , 1467 , P
24.816000000000244 , 1972 , P
24.849000000000245 , 2567 , P
24.882000000000247 , 3026 , P
24.915000000000248 , 2248 , P
24.94800000000025 , 1792 , P
24.98100000000025 , 2128 , P
25.01400000000025 , 2678 , P
25.047000000000253 , 1625 , P
25.080000000000254 , 1479 , P
25.113000000000255 , 1748 , P
25.146000000000257 , 2585 , P
25.179000000000258 , 3775 , P
25.21200000000026 , 2840 , P
25.24500000000026 , 1261 , P
25.27800000000026 , 2875 , P
25.311000000000263 , 1419 , P
25.344000000000264 , 1598 , P
25.377000000000265 , 2087 , P
25.410000000000267 , 1965 , P
25.443000000000268 , 2062 , P
25.47600000000027 , 2666 , P
25.50900000000027 , 3267 , P
25.54200000000027 , 3374 , P
25.575000000000273 , 1555 , P
25.608000000000274 , 1469 , P
25.641000000000275 , 1226 , P
25.674000000000277 , 2657 , P
25.707000000000278 , 12320 , I
25.74000000000028 , 2606 , P
25.77300000000028 , 2810 , P
25.80600000000028 , 2168 , P
25.839000000000283 , 2872 , P
25.872000000000284 , 2660 , P
25.905000000000285 , 1612 , P
25.938000000000287 , 1723 , P
25.971000000000288 , 1496 , P
26.00400000000029 , 3215 , P
26.03700000000029 , 2148 , P
26.07000000000029 , 2361 , P
26.103000000000293 , 2483 , P
26.136000000000294 , 2600 , P
26.169000000000295 , 3524 , P
26.202000000000297 , 2101 , P
26.235000000000298 , 1133 , P
26.2680000000003 , 1585 , P
26.3010000000003 , 1999 , P
26.3340000000003 , 2863 , P
26.367000000000303 , 2380 , P
26.400000000000304 , 2548 , P
26.433000000000305 , 1531 , P
26.466000000000307 , 9093 , P
26.499000000000308 , 6329 , P
26.53200000000031 , 547 , P
26.56500000000031 , 514 , P
26.59800000000031 , 405 , P
26.631000000000313 , 485 , P
26.664000000000314 , 717 , P
26.697000000000315 , 875 , P
26.730000000000317 , 1522 , P
26.763000000000318 , 2157 , P
26.79600000000032 , 3193 , P
26.82900000000032 , 2778 , P
26.86200000000032 , 5831 , P
26.895000000000323 , 995 , P
26.928000000000324 , 854 , P
26.961000000000325 , 1112 , P
26.994000000000327 , 1028 , P
27.027000000000328 , 1784 , P
27.06000000000033 , 3661 , P
27.09300000000033 , 3751 , P
27.12600000000033 , 2741 , P
27.159000000000333 , 1765 , P
27.192000000000334 , 1317 , P
27.225000000000335 , 1345 , P
27.258000000000337 , 2652 , P
27.291000000000338 , 3195 , P
27.32400000000034 , 2511 , P
27.35700000000034 , 2560 , P
27.39000000000034 , 2080 , P
27.423000000000343 , 1590 , P
27.456000000000344 , 1450 , P
27.489000000000345 , 2989 , P
27.522000000000347 , 3987 , P
27.555000000000348 , 3447 , P
27.58800000000035 , 2115 , P
27.62100000000035 , 1521 , P
27.65400000000035 , 1569 , P
27.687000000000353 , 13682 , I
27.720000000000354 , 2070 , P
27.753000000000355 , 2898 , P
27.786000000000357 , 2952 , P
27.819000000000358 , 1712 , P
27.85200000000036 , 2034 , P
27.88500000000036 , 2162 , P
27.91800000000036 , 1845 , P
27.951000000000363 , 2830 , P
27.984000000000364 , 2543 , P
28.017000000000365 , 2420 , P
28.050000000000367 , 3075 , P
28.083000000000368 , 1960 , P
28.11600000000037 , 1782 , P
28.14900000000037 , 1778 , P
28.18200000000037 , 1984 , P
28.215000000000373 , 2533 , P
28.248000000000374 , 4044 , P
28.281000000000375 , 3497 , P
28.314000000000377 , 1749 , P
28.347000000000378 , 1799 , P
28.38000000000038 , 1648 , P
28.41300000000038 , 1731 , P
28.44600000000038 , 2356 , P
28.479000000000383 , 3297 , P
28.512000000000384 , 2691 , P
28.545000000000385 , 2688 , P
28.578000000000387 , 1457 , P
28.611000000000388 , 2009 , P
28.64400000000039 , 12604 , P
28.67700000000039 , 7196 , P
28.71000000000039 , 1340 , P
28.743000000000393 , 1206 , P
28.776000000000394 , 744 , P
28.809000000000395 , 676 , P
28.842000000000397 , 983 , P
28.875000000000398 , 1436 , P
28.9080000000004 , 1656 , P
28.9410000000004 , 1734 , P
28.9740000000004 , 2633 , P
29.007000000000403 , 1975 , P
29.040000000000404 , 3578 , P
29.073000000000405 , 2745 , P
29.106000000000407 , 1388 , P
29.139000000000408 , 1998 , P
29.17200000000041 , 2070 , P
29.20500000000041 , 3141 , P
29.23800000000041 , 2553 , P
29.271000000000413 , 2139 , P
29.304000000000414 , 2374 , P
29.337000000000415 , 2455 , P
29.370000000000417 , 3351 , P
29.403000000000418 , 936 , P
29.43600000000042 , 1779 , P
29.46900000000042 , 2004 , P
29.50200000000042 , 2522 , P
29.535000000000423 , 3324 , P
29.568000000000424 , 3893 , P
29.601000000000425 , 1932 , P
29.634000000000427 , 1515 , P
29.667000000000428 , 9010 , I
29.70000000000043 , 1881 , P
29.73300000000043 , 2991 , P
29.76600000000043 , 2817 , P
29.799000000000433 , 2287 , P
29.832000000000434 , 2244 , P
29.865000000000435 , 3985 , P
29.898000000000437 , 2779 , P
29.931000000000438 , 3040 , P
29.96400000000044 , 2405 , P
29.99700000000044 , 2092 , P
30.03000000000044 , 2666 , P
30.063000000000443 , 2227 , P
30.096000000000444 , 1556 , P
30.129000000000445 , 1492 , P
30.162000000000447 , 1897 , P
30.195000000000448 , 2532 , P
30.22800000000045 , 2852 , P
30.26100000000045 , 2013 , P
30.29400000000045 , 1790 , P
30.327000000000453 , 2067 , P
30.360000000000454 , 3033 , P
30.393000000000455 , 1532 , P
30.426000000000457 , 1993 , P
30.459000000000458 , 2198 , P
30.49200000000046 , 1999 , P
30.52500000000046 , 3601 , P
30.55800000000046 , 4151 , P
30.591000000000463 , 1967 , P
30.624000000000464 , 1938 , P
30.657000000000465 , 1575 , P
30.690000000000467 , 1562 , P
30.723000000000468 , 2543 , P
30.75600000000047 , 2230 , P
30.78900000000047 , 3084 , P
30.82200000000047 , 2953 , P
30.855000000000473 , 4171 , P
30.888000000000474 , 2437 , P
30.921000000000475 , 1928 , P
30.954000000000477 , 1775 , P
30.987000000000478 , 1771 , P
31.02000000000048 , 3224 , P
31.05300000000048 , 2242 , P
31.08600000000048 , 1898 , P
31.119000000000483 , 2150 , P
31.152000000000484 , 2222 , P
31.185000000000485 , 3808 , P
31.218000000000487 , 2370 , P
31.251000000000488 , 2258 , P
31.28400000000049 , 2533 , P
31.31700000000049 , 3083 , P
31.35000000000049 , 3740 , P
31.383000000000493 , 732 , P
31.416000000000494 , 2121 , P
31.449000000000495 , 2162 , P
31.482000000000497 , 2047 , P
31.515000000000498 , 3426 , P
31.5480000000005 , 3682 , P
31.5810000000005 , 2261 , P
31.6140000000005 , 5791 , P
31.647000000000503 , 5661 , I
31.680000000000504 , 677 , P
31.713000000000505 , 783 , P
31.746000000000507 , 917 , P
31.779000000000508 , 1498 , P
31.81200000000051 , 1935 , P
31.84500000000051 , 2755 , P
31.87800000000051 , 2006 , P
31.911000000000513 , 2797 , P
31.944000000000514 , 2780 , P
31.977000000000515 , 2926 , P
32.01000000000052 , 2493 , P
32.04300000000052 , 2115 , P
32.07600000000052 , 1833 , P
32.10900000000052 , 3229 , P
32.14200000000052 , 3267 , P
32.17500000000052 , 2280 , P
32.208000000000524 , 2227 , P
32.241000000000525 , 2556 , P
32.27400000000053 , 3459 , P
32.30700000000053 , 3608 , P
32.34000000000053 , 2240 , P
32.37300000000053 , 874 , P
32.40600000000053 , 2031 , P
32.43900000000053 , 2438 , P
32.472000000000534 , 3101 , P
32.505000000000535 , 4147 , P
32.53800000000054 , 2198 , P
32.57100000000054 , 1929 , P
32.60400000000054 , 1752 , P
32.63700000000054 , 2343 , P
32.67000000000054 , 1697 , P
32.70300000000054 , 2624 , P
32.736000000000544 , 2983 , P
32.769000000000545 , 2655 , P
32.80200000000055 , 3958 , P
32.83500000000055 , 2437 , P
32.86800000000055 , 1816 , P
32.90100000000055 , 2236 , P
32.93400000000055 , 2344 , P
32.96700000000055 , 2973 , P
33.000000000000554 , 2047 , P
33.033000000000555 , 2139 , P
33.06600000000056 , 1656 , P
33.09900000000056 , 2392 , P
33.13200000000056 , 3529 , P
33.16500000000056 , 2223 , P
33.19800000000056 , 2283 , P
33.23100000000056 , 2020 , P
33.264000000000564 , 2278 , P
33.297000000000565 , 3293 , P
33.33000000000057 , 2562 , P
33.36300000000057 , 1259 , P
33.39600000000057 , 2263 , P
33.42900000000057 , 2577 , P
33.46200000000057 , 3929 , P
33.49500000000057 , 4023 , P
33.528000000000574 , 2707 , P
33.561000000000575 , 1961 , P
33.59400000000058 , 1741 , P
33.62700000000058 , 8432 , I
33.66000000000058 , 1728 , P
33.69300000000058 , 2642 , P
33.72600000000058 , 2172 , P
33.75900000000058 , 2190 , P
33.792000000000584 , 3018 , P
33.825000000000585 , 2440 , P
33.85800000000059 , 1975 , P
33.89100000000059 , 2115 , P
33.92400000000059 , 2121 , P
33.95700000000059 , 2909 , P
33.99000000000059 , 2253 , P
34.02300000000059 , 2348 , P
34.056000000000594 , 2100 , P
34.089000000000595 , 3558 , P
34.1220000000006 , 3205 , P
34.1550000000006 , 1814 , P
34.1880000000006 , 1823 , P
34.2210000000006 , 1912 , P
34.2540000000006 , 1961 , P
34.2870000000006 , 2974 , P
34.320000000000604 , 2165 , P
34.353000000000605 , 808 , P
34.38600000000061 , 2583 , P
34.41900000000061 , 3470 , P
34.45200000000061 , 3381 , P
34.48500000000061 , 3521 , P
34.51800000000061 , 1790 , P
34.55100000000061 , 1894 , P
34.584000000000614 , 2009 , P
34.617000000000616 , 3207 , P
34.65000000000062 , 1903 , P
34.68300000000062 , 2369 , P
34.71600000000062 , 2114 , P
34.74900000000062 , 2174 , P
34.78200000000062 , 3242 , P
34.81500000000062 , 2423 , P
34.848000000000624 , 1801 , P
34.881000000000626 , 2102 , P
34.91400000000063 , 1997 , P
34.94700000000063 , 3383 , P
34.98000000000063 , 2382 , P
35.01300000000063 , 2471 , P
35.04600000000063 , 1927 , P
35.07900000000063 , 3113 , P
35.112000000000634 , 2895 , P
35.145000000000636 , 2417 , P
35.17800000000064 , 2528 , P
35.21100000000064 , 2638 , P
35.24400000000064 , 2306 , P
35.27700000000064 , 3577 , P
35.31000000000064 , 3098 , P
35.34300000000064 , 557 , P
35.376000000000644 , 1791 , P
35.409000000000646 , 2183 , P
35.44200000000065 , 2550 , P
35.47500000000065 , 4157 , P
35.50800000000065 , 3365 , P
35.54100000000065 , 1721 , P
35.57400000000065 , 1622 , P
35.60700000000065 , 10081 , I
35.640000000000654 , 2133 , P
35.673000000000656 , 3058 , P
35.70600000000066 , 2170 , P
35.73900000000066 , 2347 , P
35.77200000000066 , 2545 , P
35.80500000000066 , 3570 , P
35.83800000000066 , 2039 , P
35.87100000000066 , 2651 , P
35.904000000000664 , 2401 , P
35.937000000000666 , 2654 , P
35.97000000000067 , 3813 , P
36.00300000000067 , 2122 , P
36.03600000000067 , 1553 , P
36.06900000000067 , 1765 , P
36.10200000000067 , 1700 , P
36.13500000000067 , 3034 , P
36.168000000000674 , 2556 , P
36.201000000000676 , 2701 , P
36.23400000000068 , 2084 , P
36.26700000000068 , 3714 , P
36.30000000000068 , 2311 , P
36.33300000000068 , 1128 , P
36.36600000000068 , 2129 , P
36.39900000000068 , 2314 , P
36.432000000000684 , 2674 , P
36.465000000000686 , 4815 , P
36.49800000000069 , 3265 , P
36.53100000000069 , 2366 , P
36.56400000000069 , 2069 , P
36.59700000000069 , 1731 , P
36.63000000000069 , 2139 , P
36.66300000000069 , 3089 , P
36.696000000000694 , 1899 , P
36.729000000000696 , 4927 , P
36.7620000000007 , 6915 , P
36.7950000000007 , 1016 , P
36.8280000000007 , 419 , P
36.8610000000007 , 488 , P
36.8940000000007 , 473 , P
36.9270000000007 , 818 , P
36.960000000000704 , 1304 , P
36.993000000000706 , 2180 , P
37.02600000000071 , 2761 , P
37.05900000000071 , 2950 , P
37.09200000000071 , 2594 , P
37.12500000000071 , 3241 , P
37.15800000000071 , 2647 , P
37.19100000000071 , 1996 , P
37.224000000000714 , 1472 , P
37.257000000000716 , 1825 , P
37.29000000000072 , 1845 , P
37.32300000000072 , 2188 , P
37.35600000000072 , 3608 , P
37.38900000000072 , 2368 , P
37.42200000000072 , 3055 , P
37.45500000000072 , 2589 , P
37.488000000000724 , 2383 , P
37.521000000000726 , 2347 , P
37.55400000000073 , 2469 , P
37.58700000000073 , 10193 , I
37.62000000000073 , 1852 , P
37.65300000000073 , 2002 , P
37.68600000000073 , 1739 , P
37.71900000000073 , 2017 , P
37.752000000000734 , 2172 , P
37.785000000000736 , 2713 , P
37.81800000000074 , 2620 , P
37.85100000000074 , 3057 , P
37.88400000000074 , 3001 , P
37.91700000000074 , 2159 , P
37.95000000000074 , 2242 , P
37.98300000000074 , 1894 , P
38.016000000000744 , 1962 , P
38.049000000000746 , 2607 , P
38.08200000000075 , 2117 , P
38.11500000000075 , 2607 , P
38.14800000000075 , 2570 , P
38.18100000000075 , 2263 , P
38.21400000000075 , 2170 , P
38.24700000000075 , 2351 , P
38.280000000000754 , 2297 , P
38.313000000000756 , 1741 , P
38.34600000000076 , 1787 , P
38.37900000000076 , 3249 , P
38.41200000000076 , 3685 , P
38.44500000000076 , 19586 , P
38.47800000000076 , 9045 , P
38.51100000000076 , 1481 , P
38.544000000000764 , 1046 , P
38.577000000000766 , 719 , P
38.61000000000077 , 993 , P
38.64300000000077 , 1158 , P
38.67600000000077 , 1509 , P
38.70900000000077 , 2207 , P
38.74200000000077 , 3076 , P
38.77500000000077 , 2745 , P
38.808000000000774 , 1751 , P
38.841000000000776 , 1890 , P
38.87400000000078 , 1822 , P
38.90700000000078 , 2593 , P
38.94000000000078 , 2869 , P
38.97300000000078 , 2386 , P
39.00600000000078 , 2423 , P
39.03900000000078 , 1745 , P
39.072000000000784 , 2659 , P
39.105000000000786 , 4811 , P
39.13800000000079 , 5319 , P
39.17100000000079 , 2024 , P
39.20400000000079 , 1481 , P
39.23700000000079 , 1413 , P
39.27000000000079 , 919 , P
39.30300000000079 , 1174 , P
39.336000000000794 , 1771 , P
39.369000000000796 , 2598 , P
39.4020000000008 , 2064 , P
39.4350000000008 , 3099 , P
39.4680000000008 , 2311 , P
39.5010000000008 , 2474 , P
39.5340000000008 , 2396 , P
39.5670000000008 , 8803 , I
39.600000000000804 , 2393 , P
39.633000000000806 , 1949 , P
39.66600000000081 , 1647 , P
39.69900000000081 , 1795 , P
39.73200000000081 , 2891 , P
39.76500000000081 , 3047 , P
39.79800000000081 , 2046 , P
39.83100000000081 , 2138 , P
39.864000000000814 , 1771 , P
39.897000000000816 , 2394 , P
39.93000000000082 , 2545 , P
39.96300000000082 , 1955 , P
39.99600000000082 , 1759 , P
40.02900000000082 , 2031 , P
40.06200000000082 , 2056 , P
40.09500000000082 , 3220 , P
40.128000000000824 , 1880 , P
40.161000000000826 , 1845 , P
40.19400000000083 , 2106 , P
40.22700000000083 , 3348 , P
40.26000000000083 , 1392 , P
40.29300000000083 , 1430 , P
40.32600000000083 , 2450 , P
40.35900000000083 , 1955 , P
40.392000000000834 , 3115 , P
40.425000000000836 , 3753 , P
40.45800000000084 , 1518 , P
40.49100000000084 , 1851 , P
40.52400000000084 , 1916 , P
40.55700000000084 , 1565 , P
40.59000000000084 , 3180 , P
40.62300000000084 , 2428 , P
40.656000000000844 , 1740 , P
40.689000000000846 , 2339 , P
40.72200000000085 , 2772 , P
40.75500000000085 , 2857 , P
40.78800000000085 , 2315 , P
40.82100000000085 , 2841 , P
40.85400000000085 , 1980 , P
40.88700000000085 , 6676 , P
40.920000000000854 , 5784 , P
40.953000000000856 , 1223 , P
40.98600000000086 , 1073 , P
41.01900000000086 , 858 , P
41.05200000000086 , 710 , P
41.08500000000086 , 1088 , P
41.11800000000086 , 3528 , P
41.15100000000086 , 2272 , P
41.184000000000864 , 2226 , P
41.217000000000866 , 2285 , P
41.25000000000087 , 1407 , P
41.28300000000087 , 2220 , P
41.31600000000087 , 3018 , P
41.34900000000087 , 2868 , P
41.38200000000087 , 2104 , P
41.41500000000087 , 2474 , P
41.448000000000874 , 2599 , P
41.481000000000876 , 2195 , P
41.51400000000088 , 2140 , P
41.54700000000088 , 10423 , I
41.58000000000088 , 1815 , P
41.61300000000088 , 2236 , P
41.64600000000088 , 2709 , P
41.67900000000088 , 2228 , P
41.712000000000884 , 2226 , P
41.745000000000886 , 2718 , P
41.77800000000089 , 2298 , P
41.81100000000089 , 2297 , P
41.84400000000089 , 2355 , P
41.87700000000089 , 2163 , P
41.91000000000089 , 2000 , P
41.94300000000089 , 2404 , P
41.976000000000894 , 2030 , P
42.009000000000896 , 2219 , P
42.0420000000009 , 2556 , P
42.0750000000009 , 2132 , P
42.1080000000009 , 1952 , P
42.1410000000009 , 2435 , P
42.1740000000009 , 2457 , P
42.2070000000009 , 2195 , P
42.240000000000904 , 1924 , P
42.273000000000906 , 2375 , P
42.30600000000091 , 1767 , P
42.33900000000091 , 2875 , P
42.37200000000091 , 2029 , P
42.40500000000091 , 2283 , P
42.43800000000091 , 2484 , P
42.47100000000091 , 2309 , P
42.504000000000914 , 2134 , P
42.537000000000916 , 2253 , P
42.57000000000092 , 2424 , P
42.60300000000092 , 2386 , P
42.63600000000092 , 2456 , P
42.66900000000092 , 1846 , P
42.70200000000092 , 2158 , P
42.73500000000092 , 2744 , P
42.768000000000924 , 1938 , P
42.801000000000926 , 2164 , P
42.83400000000093 , 2123 , P
42.86700000000093 , 2187 , P
42.90000000000093 , 2857 , P
42.93300000000093 , 3093 , P
42.96600000000093 , 2392 , P
42.99900000000093 , 2926 , P
43.032000000000934 , 2164 , P
43.065000000000936 , 2314 , P
43.09800000000094 , 2115 , P
43.13100000000094 , 2769 , P
43.16400000000094 , 1991 , P
43.19700000000094 , 4080 , P
43.23000000000094 , 1566 , P
43.26300000000094 , 2362 , P
43.296000000000944 , 2189 , P
43.329000000000946 , 2535 , P
